transaction_id,timestamp,sender_wallet,receiver_wallet,amount,transaction_type,channel,agent_id,location,sender_balance_before,sender_balance_after,receiver_balance_before,receiver_balance_after,scenario_id
SCN-01-DIRECT-TX001,2026-09-01T09:00:00+00:00,SCN-01-DIRECT-VICTIM,SCN-01-DIRECT-W1,50000,transfer,app,,ZONE-A,100000,50000,300,50300,SCN-01-DIRECT
SCN-02-FANOUT-TX001,2026-09-02T09:00:00+00:00,SCN-02-FANOUT-VICTIM,SCN-02-FANOUT-W1,50000,transfer,app,,ZONE-C,100000,50000,500,50500,SCN-02-FANOUT
SCN-02-FANOUT-TX002,2026-09-02T09:02:00+00:00,SCN-02-FANOUT-W1,SCN-02-FANOUT-W2,24000,transfer,app,,ZONE-B,50500,26500,200,24200,SCN-02-FANOUT
SCN-02-FANOUT-TX003,2026-09-02T09:03:00+00:00,SCN-02-FANOUT-W1,SCN-02-FANOUT-W3,18000,transfer,app,,ZONE-B,26500,8500,800,18800,SCN-02-FANOUT
SCN-02-FANOUT-TX004,2026-09-02T09:06:00+00:00,SCN-02-FANOUT-W2,SCN-02-FANOUT-W4,12000,transfer,app,,ZONE-C,24200,12200,100,12100,SCN-02-FANOUT
SCN-03-MULTIHOP-TX001,2026-09-03T09:00:00+00:00,SCN-03-MULTIHOP-VICTIM,SCN-03-MULTIHOP-W1,42000,transfer,app,,ZONE-B,90000,48000,250,42250,SCN-03-MULTIHOP
SCN-03-MULTIHOP-TX002,2026-09-03T09:02:00+00:00,SCN-03-MULTIHOP-W1,SCN-03-MULTIHOP-W2,39000,transfer,app,,ZONE-C,42250,3250,500,39500,SCN-03-MULTIHOP
SCN-03-MULTIHOP-TX003,2026-09-03T09:03:00+00:00,SCN-03-MULTIHOP-W2,SCN-03-MULTIHOP-W3,36000,transfer,app,,ZONE-A,39500,3500,200,36200,SCN-03-MULTIHOP
SCN-03-MULTIHOP-TX004,2026-09-03T09:06:00+00:00,SCN-03-MULTIHOP-W3,SCN-03-MULTIHOP-W4,32000,transfer,app,,ZONE-B,36200,4200,100,32100,SCN-03-MULTIHOP
SCN-04-MIXED-TX001,2026-09-04T09:00:00+00:00,SCN-04-MIXED-VICTIM,SCN-04-MIXED-W1,30000,transfer,app,,ZONE-B,70000,40000,1000,31000,SCN-04-MIXED
SCN-04-MIXED-TX002,2026-09-04T09:02:00+00:00,SCN-04-MIXED-W1,SCN-04-MIXED-W2,12000,transfer,app,,ZONE-C,31000,19000,15000,27000,SCN-04-MIXED
SCN-04-MIXED-TX003,2026-09-04T09:03:00+00:00,SCN-04-MIXED-W2,SCN-04-MIXED-W3,10000,transfer,app,,ZONE-A,27000,17000,6000,16000,SCN-04-MIXED
SCN-04-MIXED-TX004,2026-09-04T09:06:00+00:00,SCN-04-MIXED-W3,SCN-04-MIXED-W4,5000,transfer,app,,ZONE-B,16000,11000,100,5100,SCN-04-MIXED
SCN-05-CASHOUT-TX001,2026-09-05T09:00:00+00:00,SCN-05-CASHOUT-VICTIM,SCN-05-CASHOUT-W1,25000,transfer,app,,ZONE-C,60000,35000,400,25400,SCN-05-CASHOUT
SCN-05-CASHOUT-TX002,2026-09-05T09:02:00+00:00,SCN-05-CASHOUT-W1,SCN-05-CASHOUT-CASH1,20000,cashout,agent,SCN-05-CASHOUT-AGENT1,ZONE-D,25400,5400,0,20000,SCN-05-CASHOUT
SCN-06-FANOUT-CASHOUT-TX001,2026-09-06T09:00:00+00:00,SCN-06-FANOUT-CASHOUT-VICTIM,SCN-06-FANOUT-CASHOUT-W1,50000,transfer,app,,ZONE-C,70000,20000,300,50300,SCN-06-FANOUT-CASHOUT
SCN-06-FANOUT-CASHOUT-TX002,2026-09-06T09:02:00+00:00,SCN-06-FANOUT-CASHOUT-W1,SCN-06-FANOUT-CASHOUT-W2,22000,transfer,app,,ZONE-D,50300,28300,500,22500,SCN-06-FANOUT-CASHOUT
SCN-06-FANOUT-CASHOUT-TX003,2026-09-06T09:03:00+00:00,SCN-06-FANOUT-CASHOUT-W1,SCN-06-FANOUT-CASHOUT-CASH1,15000,cashout,agent,SCN-06-FANOUT-CASHOUT-AGENT1,ZONE-B,28300,13300,0,15000,SCN-06-FANOUT-CASHOUT
SCN-06-FANOUT-CASHOUT-TX004,2026-09-06T09:03:00+00:00,SCN-06-FANOUT-CASHOUT-W2,SCN-06-FANOUT-CASHOUT-W3,18000,transfer,app,,ZONE-D,22500,4500,1000,19000,SCN-06-FANOUT-CASHOUT
SCN-06-FANOUT-CASHOUT-TX005,2026-09-06T09:06:00+00:00,SCN-06-FANOUT-CASHOUT-W3,SCN-06-FANOUT-CASHOUT-W4,9000,transfer,app,,ZONE-A,19000,10000,200,9200,SCN-06-FANOUT-CASHOUT
SCN-07-NEAR-MISS-TX001,2026-09-07T09:00:00+00:00,SCN-07-NEAR-MISS-VICTIM,SCN-07-NEAR-MISS-W1,28000,transfer,app,,ZONE-B,70000,42000,40000,68000,SCN-07-NEAR-MISS
SCN-07-NEAR-MISS-TX002,2026-09-07T09:02:00+00:00,SCN-07-NEAR-MISS-W1,SCN-07-NEAR-MISS-W2,15000,merchant_payment,app,,ZONE-C,68000,53000,10000,25000,SCN-07-NEAR-MISS
SCN-08-WRONG-RECIPIENT-TX001,2026-09-08T09:00:00+00:00,SCN-08-WRONG-RECIPIENT-VICTIM,SCN-08-WRONG-RECIPIENT-W1,12000,transfer,app,,ZONE-C,40000,28000,5000,17000,SCN-08-WRONG-RECIPIENT
