wallet_id,account_age,customer_type,baseline_balance,average_transaction_amount,transaction_frequency,normal_active_hours,usual_transaction_types,scenario_id
SCN-01-DIRECT-VICTIM,1329,individual,100000,1679.71,3.734,08:00-18:00,"transfer,merchant_payment",SCN-01-DIRECT
SCN-01-DIRECT-W1,477,individual,300,1927.93,0.602,17:00-23:00,"transfer,merchant_payment",SCN-01-DIRECT
SCN-02-FANOUT-VICTIM,1229,individual,100000,4412.91,0.246,08:00-18:00,"transfer,merchant_payment",SCN-02-FANOUT
SCN-02-FANOUT-W1,496,individual,500,5147.13,0.23,08:00-18:00,"transfer,merchant_payment",SCN-02-FANOUT
SCN-02-FANOUT-W2,1486,individual,200,6418.98,2.77,08:00-18:00,"transfer,merchant_payment",SCN-02-FANOUT
SCN-02-FANOUT-W3,939,individual,800,5885.54,4.066,08:00-18:00,"transfer,merchant_payment",SCN-02-FANOUT
SCN-02-FANOUT-W4,1574,individual,100,7791.21,3.521,09:00-21:00,"transfer,merchant_payment",SCN-02-FANOUT
SCN-03-MULTIHOP-VICTIM,229,individual,90000,1516.16,0.574,09:00-21:00,"transfer,merchant_payment",SCN-03-MULTIHOP
SCN-03-MULTIHOP-W1,1256,individual,250,3027.78,0.313,09:00-21:00,"transfer,merchant_payment",SCN-03-MULTIHOP
SCN-03-MULTIHOP-W2,1118,individual,500,1798.47,4.619,08:00-18:00,"transfer,merchant_payment",SCN-03-MULTIHOP
SCN-03-MULTIHOP-W3,1150,individual,200,3279.97,3.18,09:00-21:00,"transfer,merchant_payment",SCN-03-MULTIHOP
SCN-03-MULTIHOP-W4,1202,individual,100,2392.14,0.441,17:00-23:00,"transfer,merchant_payment",SCN-03-MULTIHOP
SCN-04-MIXED-VICTIM,226,individual,70000,4045.11,2.322,09:00-21:00,"transfer,merchant_payment",SCN-04-MIXED
SCN-04-MIXED-W1,353,individual,1000,3957.59,1.127,09:00-21:00,"transfer,merchant_payment",SCN-04-MIXED
SCN-04-MIXED-W2,1457,merchant,15000,8942.56,3.275,17:00-23:00,"transfer,merchant_payment",SCN-04-MIXED
SCN-04-MIXED-W3,1320,individual,6000,2206.02,3.673,08:00-18:00,"transfer,merchant_payment",SCN-04-MIXED
SCN-04-MIXED-W4,966,individual,100,4039.21,4.949,17:00-23:00,"transfer,merchant_payment",SCN-04-MIXED
SCN-05-CASHOUT-VICTIM,85,individual,60000,7784.4,2.066,08:00-18:00,"transfer,merchant_payment",SCN-05-CASHOUT
SCN-05-CASHOUT-W1,452,individual,400,8735.6,2.879,17:00-23:00,"transfer,merchant_payment",SCN-05-CASHOUT
SCN-05-CASHOUT-AGENT1,664,agent,300000,2571.11,2.546,17:00-23:00,"cashin,cashout",SCN-05-CASHOUT
SCN-05-CASHOUT-CASH1,959,cash_destination,0,1957.27,0.784,17:00-23:00,"transfer,merchant_payment",SCN-05-CASHOUT
SCN-06-FANOUT-CASHOUT-VICTIM,1215,individual,70000,4214.72,1.175,08:00-18:00,"transfer,merchant_payment",SCN-06-FANOUT-CASHOUT
SCN-06-FANOUT-CASHOUT-W1,1063,individual,300,5042.94,3.803,08:00-18:00,"transfer,merchant_payment",SCN-06-FANOUT-CASHOUT
SCN-06-FANOUT-CASHOUT-W2,333,individual,500,6221.53,3.981,09:00-21:00,"transfer,merchant_payment",SCN-06-FANOUT-CASHOUT
SCN-06-FANOUT-CASHOUT-W3,1241,individual,1000,1259.04,1.97,09:00-21:00,"transfer,merchant_payment",SCN-06-FANOUT-CASHOUT
SCN-06-FANOUT-CASHOUT-W4,1103,individual,200,2912.44,2.811,08:00-18:00,"transfer,merchant_payment",SCN-06-FANOUT-CASHOUT
SCN-06-FANOUT-CASHOUT-AGENT1,1413,agent,300000,7042.35,3.44,17:00-23:00,"cashin,cashout",SCN-06-FANOUT-CASHOUT
SCN-06-FANOUT-CASHOUT-CASH1,1557,cash_destination,0,3048.06,3.241,08:00-18:00,"transfer,merchant_payment",SCN-06-FANOUT-CASHOUT
SCN-07-NEAR-MISS-VICTIM,1498,individual,70000,8407.51,1.391,17:00-23:00,"transfer,merchant_payment",SCN-07-NEAR-MISS
SCN-07-NEAR-MISS-W1,1580,merchant,40000,2272.14,4.572,17:00-23:00,"transfer,merchant_payment",SCN-07-NEAR-MISS
SCN-07-NEAR-MISS-W2,631,merchant,10000,8106.69,2.588,08:00-18:00,"transfer,merchant_payment",SCN-07-NEAR-MISS
SCN-08-WRONG-RECIPIENT-VICTIM,1581,individual,40000,2121.63,4.772,17:00-23:00,"transfer,merchant_payment",SCN-08-WRONG-RECIPIENT
SCN-08-WRONG-RECIPIENT-W1,21,individual,5000,5970.71,2.494,08:00-18:00,"transfer,merchant_payment",SCN-08-WRONG-RECIPIENT
